DateKey;FullDateAlternateKey;EnglishMonthName;MonthNumberOfYear;CalendarYear
20180101;2018-01-01;January;1;2018
20180102;2018-01-02;January;1;2018
20180103;2018-01-03;January;1;2018
20180104;2018-01-04;January;1;2018
20180105;2018-01-05;January;1;2018
20180106;2018-01-06;January;1;2018
20180107;2018-01-07;January;1;2018
20180108;2018-01-08;January;1;2018
20180109;2018-01-09;January;1;2018
20180110;2018-01-10;January;1;2018
20180111;2018-01-11;January;1;2018
20180112;2018-01-12;January;1;2018
20180113;2018-01-13;January;1;2018
20180114;2018-01-14;January;1;2018
20180115;2018-01-15;January;1;2018
20180116;2018-01-16;January;1;2018
20180117;2018-01-17;January;1;2018
20180118;2018-01-18;January;1;2018
20180119;2018-01-19;January;1;2018
20180120;2018-01-20;January;1;2018
20180121;2018-01-21;January;1;2018
20180122;2018-01-22;January;1;2018
20180123;2018-01-23;January;1;2018
20180124;2018-01-24;January;1;2018
20180125;2018-01-25;January;1;2018
20180126;2018-01-26;January;1;2018
20180127;2018-01-27;January;1;2018
20180128;2018-01-28;January;1;2018
20180129;2018-01-29;January;1;2018
20180130;2018-01-30;January;1;2018
20180131;2018-01-31;January;1;2018
20180201;2018-02-01;February;2;2018
20180202;2018-02-02;February;2;2018
20180203;2018-02-03;February;2;2018
20180204;2018-02-04;February;2;2018
20180205;2018-02-05;February;2;2018
20180206;2018-02-06;February;2;2018
20180207;2018-02-07;February;2;2018
20180208;2018-02-08;February;2;2018
20180209;2018-02-09;February;2;2018
20180210;2018-02-10;February;2;2018
20180211;2018-02-11;February;2;2018
20180212;2018-02-12;February;2;2018
20180213;2018-02-13;February;2;2018
20180214;2018-02-14;February;2;2018
20180215;2018-02-15;February;2;2018
20180216;2018-02-16;February;2;2018
20180217;2018-02-17;February;2;2018
20180218;2018-02-18;February;2;2018
20180219;2018-02-19;February;2;2018
20180220;2018-02-20;February;2;2018
20180221;2018-02-21;February;2;2018
20180222;2018-02-22;February;2;2018
20180223;2018-02-23;February;2;2018
20180224;2018-02-24;February;2;2018
20180225;2018-02-25;February;2;2018
20180226;2018-02-26;February;2;2018
20180227;2018-02-27;February;2;2018
20180228;2018-02-28;February;2;2018
20180301;2018-03-01;March;3;2018
20180302;2018-03-02;March;3;2018
20180303;2018-03-03;March;3;2018
20180304;2018-03-04;March;3;2018
20180305;2018-03-05;March;3;2018
20180306;2018-03-06;March;3;2018
20180307;2018-03-07;March;3;2018
20180308;2018-03-08;March;3;2018
20180309;2018-03-09;March;3;2018
20180310;2018-03-10;March;3;2018
20180311;2018-03-11;March;3;2018
20180312;2018-03-12;March;3;2018
20180313;2018-03-13;March;3;2018
20180314;2018-03-14;March;3;2018
20180315;2018-03-15;March;3;2018
20180316;2018-03-16;March;3;2018
20180317;2018-03-17;March;3;2018
20180318;2018-03-18;March;3;2018
20180319;2018-03-19;March;3;2018
20180320;2018-03-20;March;3;2018
20180321;2018-03-21;March;3;2018
20180322;2018-03-22;March;3;2018
20180323;2018-03-23;March;3;2018
20180324;2018-03-24;March;3;2018
20180325;2018-03-25;March;3;2018
20180326;2018-03-26;March;3;2018
20180327;2018-03-27;March;3;2018
20180328;2018-03-28;March;3;2018
20180329;2018-03-29;March;3;2018
20180330;2018-03-30;March;3;2018
20180331;2018-03-31;March;3;2018
20180401;2018-04-01;April;4;2018
20180402;2018-04-02;April;4;2018
20180403;2018-04-03;April;4;2018
20180404;2018-04-04;April;4;2018
20180405;2018-04-05;April;4;2018
20180406;2018-04-06;April;4;2018
20180407;2018-04-07;April;4;2018
20180408;2018-04-08;April;4;2018
20180409;2018-04-09;April;4;2018
20180410;2018-04-10;April;4;2018
20180411;2018-04-11;April;4;2018
20180412;2018-04-12;April;4;2018
20180413;2018-04-13;April;4;2018
20180414;2018-04-14;April;4;2018
20180415;2018-04-15;April;4;2018
20180416;2018-04-16;April;4;2018
20180417;2018-04-17;April;4;2018
20180418;2018-04-18;April;4;2018
20180419;2018-04-19;April;4;2018
20180420;2018-04-20;April;4;2018
20180421;2018-04-21;April;4;2018
20180422;2018-04-22;April;4;2018
20180423;2018-04-23;April;4;2018
20180424;2018-04-24;April;4;2018
20180425;2018-04-25;April;4;2018
20180426;2018-04-26;April;4;2018
20180427;2018-04-27;April;4;2018
20180428;2018-04-28;April;4;2018
20180429;2018-04-29;April;4;2018
20180430;2018-04-30;April;4;2018
20180501;2018-05-01;May;5;2018
20180502;2018-05-02;May;5;2018
20180503;2018-05-03;May;5;2018
20180504;2018-05-04;May;5;2018
20180505;2018-05-05;May;5;2018
20180506;2018-05-06;May;5;2018
20180507;2018-05-07;May;5;2018
20180508;2018-05-08;May;5;2018
20180509;2018-05-09;May;5;2018
20180510;2018-05-10;May;5;2018
20180511;2018-05-11;May;5;2018
20180512;2018-05-12;May;5;2018
20180513;2018-05-13;May;5;2018
20180514;2018-05-14;May;5;2018
20180515;2018-05-15;May;5;2018
20180516;2018-05-16;May;5;2018
20180517;2018-05-17;May;5;2018
20180518;2018-05-18;May;5;2018
20180519;2018-05-19;May;5;2018
20180520;2018-05-20;May;5;2018
20180521;2018-05-21;May;5;2018
20180522;2018-05-22;May;5;2018
20180523;2018-05-23;May;5;2018
20180524;2018-05-24;May;5;2018
20180525;2018-05-25;May;5;2018
20180526;2018-05-26;May;5;2018
20180527;2018-05-27;May;5;2018
20180528;2018-05-28;May;5;2018
20180529;2018-05-29;May;5;2018
20180530;2018-05-30;May;5;2018
20180531;2018-05-31;May;5;2018
20180601;2018-06-01;June;6;2018
20180602;2018-06-02;June;6;2018
20180603;2018-06-03;June;6;2018
20180604;2018-06-04;June;6;2018
20180605;2018-06-05;June;6;2018
20180606;2018-06-06;June;6;2018
20180607;2018-06-07;June;6;2018
20180608;2018-06-08;June;6;2018
20180609;2018-06-09;June;6;2018
20180610;2018-06-10;June;6;2018
20180611;2018-06-11;June;6;2018
20180612;2018-06-12;June;6;2018
20180613;2018-06-13;June;6;2018
20180614;2018-06-14;June;6;2018
20180615;2018-06-15;June;6;2018
20180616;2018-06-16;June;6;2018
20180617;2018-06-17;June;6;2018
20180618;2018-06-18;June;6;2018
20180619;2018-06-19;June;6;2018
20180620;2018-06-20;June;6;2018
20180621;2018-06-21;June;6;2018
20180622;2018-06-22;June;6;2018
20180623;2018-06-23;June;6;2018
20180624;2018-06-24;June;6;2018
20180625;2018-06-25;June;6;2018
20180626;2018-06-26;June;6;2018
20180627;2018-06-27;June;6;2018
20180628;2018-06-28;June;6;2018
20180629;2018-06-29;June;6;2018
20180630;2018-06-30;June;6;2018
20180701;2018-07-01;July;7;2018
20180702;2018-07-02;July;7;2018
20180703;2018-07-03;July;7;2018
20180704;2018-07-04;July;7;2018
20180705;2018-07-05;July;7;2018
20180706;2018-07-06;July;7;2018
20180707;2018-07-07;July;7;2018
20180708;2018-07-08;July;7;2018
20180709;2018-07-09;July;7;2018
20180710;2018-07-10;July;7;2018
20180711;2018-07-11;July;7;2018
20180712;2018-07-12;July;7;2018
20180713;2018-07-13;July;7;2018
20180714;2018-07-14;July;7;2018
20180715;2018-07-15;July;7;2018
20180716;2018-07-16;July;7;2018
20180717;2018-07-17;July;7;2018
20180718;2018-07-18;July;7;2018
20180719;2018-07-19;July;7;2018
20180720;2018-07-20;July;7;2018
20180721;2018-07-21;July;7;2018
20180722;2018-07-22;July;7;2018
20180723;2018-07-23;July;7;2018
20180724;2018-07-24;July;7;2018
20180725;2018-07-25;July;7;2018
20180726;2018-07-26;July;7;2018
20180727;2018-07-27;July;7;2018
20180728;2018-07-28;July;7;2018
20180729;2018-07-29;July;7;2018
20180730;2018-07-30;July;7;2018
20180731;2018-07-31;July;7;2018
20180801;2018-08-01;August;8;2018
20180802;2018-08-02;August;8;2018
20180803;2018-08-03;August;8;2018
20180804;2018-08-04;August;8;2018
20180805;2018-08-05;August;8;2018
20180806;2018-08-06;August;8;2018
20180807;2018-08-07;August;8;2018
20180808;2018-08-08;August;8;2018
20180809;2018-08-09;August;8;2018
20180810;2018-08-10;August;8;2018
20180811;2018-08-11;August;8;2018
20180812;2018-08-12;August;8;2018
20180813;2018-08-13;August;8;2018
20180814;2018-08-14;August;8;2018
20180815;2018-08-15;August;8;2018
20180816;2018-08-16;August;8;2018
20180817;2018-08-17;August;8;2018
20180818;2018-08-18;August;8;2018
20180819;2018-08-19;August;8;2018
20180820;2018-08-20;August;8;2018
20180821;2018-08-21;August;8;2018
20180822;2018-08-22;August;8;2018
20180823;2018-08-23;August;8;2018
20180824;2018-08-24;August;8;2018
20180825;2018-08-25;August;8;2018
20180826;2018-08-26;August;8;2018
20180827;2018-08-27;August;8;2018
20180828;2018-08-28;August;8;2018
20180829;2018-08-29;August;8;2018
20180830;2018-08-30;August;8;2018
20180831;2018-08-31;August;8;2018
20180901;2018-09-01;September;9;2018
20180902;2018-09-02;September;9;2018
20180903;2018-09-03;September;9;2018
20180904;2018-09-04;September;9;2018
20180905;2018-09-05;September;9;2018
20180906;2018-09-06;September;9;2018
20180907;2018-09-07;September;9;2018
20180908;2018-09-08;September;9;2018
20180909;2018-09-09;September;9;2018
20180910;2018-09-10;September;9;2018
20180911;2018-09-11;September;9;2018
20180912;2018-09-12;September;9;2018
20180913;2018-09-13;September;9;2018
20180914;2018-09-14;September;9;2018
20180915;2018-09-15;September;9;2018
20180916;2018-09-16;September;9;2018
20180917;2018-09-17;September;9;2018
20180918;2018-09-18;September;9;2018
20180919;2018-09-19;September;9;2018
20180920;2018-09-20;September;9;2018
20180921;2018-09-21;September;9;2018
20180922;2018-09-22;September;9;2018
20180923;2018-09-23;September;9;2018
20180924;2018-09-24;September;9;2018
20180925;2018-09-25;September;9;2018
20180926;2018-09-26;September;9;2018
20180927;2018-09-27;September;9;2018
20180928;2018-09-28;September;9;2018
20180929;2018-09-29;September;9;2018
20180930;2018-09-30;September;9;2018
20181001;2018-10-01;October;10;2018
20181002;2018-10-02;October;10;2018
20181003;2018-10-03;October;10;2018
20181004;2018-10-04;October;10;2018
20181005;2018-10-05;October;10;2018
20181006;2018-10-06;October;10;2018
20181007;2018-10-07;October;10;2018
20181008;2018-10-08;October;10;2018
20181009;2018-10-09;October;10;2018
20181010;2018-10-10;October;10;2018
20181011;2018-10-11;October;10;2018
20181012;2018-10-12;October;10;2018
20181013;2018-10-13;October;10;2018
20181014;2018-10-14;October;10;2018
20181015;2018-10-15;October;10;2018
20181016;2018-10-16;October;10;2018
20181017;2018-10-17;October;10;2018
20181018;2018-10-18;October;10;2018
20181019;2018-10-19;October;10;2018
20181020;2018-10-20;October;10;2018
20181021;2018-10-21;October;10;2018
20181022;2018-10-22;October;10;2018
20181023;2018-10-23;October;10;2018
20181024;2018-10-24;October;10;2018
20181025;2018-10-25;October;10;2018
20181026;2018-10-26;October;10;2018
20181027;2018-10-27;October;10;2018
20181028;2018-10-28;October;10;2018
20181029;2018-10-29;October;10;2018
20181030;2018-10-30;October;10;2018
20181031;2018-10-31;October;10;2018
20181101;2018-11-01;November;11;2018
20181102;2018-11-02;November;11;2018
20181103;2018-11-03;November;11;2018
20181104;2018-11-04;November;11;2018
20181105;2018-11-05;November;11;2018
20181106;2018-11-06;November;11;2018
20181107;2018-11-07;November;11;2018
20181108;2018-11-08;November;11;2018
20181109;2018-11-09;November;11;2018
20181110;2018-11-10;November;11;2018
20181111;2018-11-11;November;11;2018
20181112;2018-11-12;November;11;2018
20181113;2018-11-13;November;11;2018
20181114;2018-11-14;November;11;2018
20181115;2018-11-15;November;11;2018
20181116;2018-11-16;November;11;2018
20181117;2018-11-17;November;11;2018
20181118;2018-11-18;November;11;2018
20181119;2018-11-19;November;11;2018
20181120;2018-11-20;November;11;2018
20181121;2018-11-21;November;11;2018
20181122;2018-11-22;November;11;2018
20181123;2018-11-23;November;11;2018
20181124;2018-11-24;November;11;2018
20181125;2018-11-25;November;11;2018
20181126;2018-11-26;November;11;2018
20181127;2018-11-27;November;11;2018
20181128;2018-11-28;November;11;2018
20181129;2018-11-29;November;11;2018
20181130;2018-11-30;November;11;2018
20181201;2018-12-01;December;12;2018
20181202;2018-12-02;December;12;2018
20181203;2018-12-03;December;12;2018
20181204;2018-12-04;December;12;2018
20181205;2018-12-05;December;12;2018
20181206;2018-12-06;December;12;2018
20181207;2018-12-07;December;12;2018
20181208;2018-12-08;December;12;2018
20181209;2018-12-09;December;12;2018
20181210;2018-12-10;December;12;2018
20181211;2018-12-11;December;12;2018
20181212;2018-12-12;December;12;2018
20181213;2018-12-13;December;12;2018
20181214;2018-12-14;December;12;2018
20181215;2018-12-15;December;12;2018
20181216;2018-12-16;December;12;2018
20181217;2018-12-17;December;12;2018
20181218;2018-12-18;December;12;2018
20181219;2018-12-19;December;12;2018
20181220;2018-12-20;December;12;2018
20181221;2018-12-21;December;12;2018
20181222;2018-12-22;December;12;2018
20181223;2018-12-23;December;12;2018
20181224;2018-12-24;December;12;2018
20181225;2018-12-25;December;12;2018
20181226;2018-12-26;December;12;2018
20181227;2018-12-27;December;12;2018
20181228;2018-12-28;December;12;2018
20181229;2018-12-29;December;12;2018
20181230;2018-12-30;December;12;2018
20181231;2018-12-31;December;12;2018
20190101;2019-01-01;January;1;2019
20190102;2019-01-02;January;1;2019
20190103;2019-01-03;January;1;2019
20190104;2019-01-04;January;1;2019
20190105;2019-01-05;January;1;2019
20190106;2019-01-06;January;1;2019
20190107;2019-01-07;January;1;2019
20190108;2019-01-08;January;1;2019
20190109;2019-01-09;January;1;2019
20190110;2019-01-10;January;1;2019
20190111;2019-01-11;January;1;2019
20190112;2019-01-12;January;1;2019
20190113;2019-01-13;January;1;2019
20190114;2019-01-14;January;1;2019
20190115;2019-01-15;January;1;2019
20190116;2019-01-16;January;1;2019
20190117;2019-01-17;January;1;2019
20190118;2019-01-18;January;1;2019
20190119;2019-01-19;January;1;2019
20190120;2019-01-20;January;1;2019
20190121;2019-01-21;January;1;2019
20190122;2019-01-22;January;1;2019
20190123;2019-01-23;January;1;2019
20190124;2019-01-24;January;1;2019
20190125;2019-01-25;January;1;2019
20190126;2019-01-26;January;1;2019
20190127;2019-01-27;January;1;2019
20190128;2019-01-28;January;1;2019
20190129;2019-01-29;January;1;2019
20190130;2019-01-30;January;1;2019
20190131;2019-01-31;January;1;2019
20190201;2019-02-01;February;2;2019
20190202;2019-02-02;February;2;2019
20190203;2019-02-03;February;2;2019
20190204;2019-02-04;February;2;2019
20190205;2019-02-05;February;2;2019
20190206;2019-02-06;February;2;2019
20190207;2019-02-07;February;2;2019
20190208;2019-02-08;February;2;2019
20190209;2019-02-09;February;2;2019
20190210;2019-02-10;February;2;2019
20190211;2019-02-11;February;2;2019
20190212;2019-02-12;February;2;2019
20190213;2019-02-13;February;2;2019
20190214;2019-02-14;February;2;2019
20190215;2019-02-15;February;2;2019
20190216;2019-02-16;February;2;2019
20190217;2019-02-17;February;2;2019
20190218;2019-02-18;February;2;2019
20190219;2019-02-19;February;2;2019
20190220;2019-02-20;February;2;2019
20190221;2019-02-21;February;2;2019
20190222;2019-02-22;February;2;2019
20190223;2019-02-23;February;2;2019
20190224;2019-02-24;February;2;2019
20190225;2019-02-25;February;2;2019
20190226;2019-02-26;February;2;2019
20190227;2019-02-27;February;2;2019
20190228;2019-02-28;February;2;2019
20190301;2019-03-01;March;3;2019
20190302;2019-03-02;March;3;2019
20190303;2019-03-03;March;3;2019
20190304;2019-03-04;March;3;2019
20190305;2019-03-05;March;3;2019
20190306;2019-03-06;March;3;2019
20190307;2019-03-07;March;3;2019
20190308;2019-03-08;March;3;2019
20190309;2019-03-09;March;3;2019
20190310;2019-03-10;March;3;2019
20190311;2019-03-11;March;3;2019
20190312;2019-03-12;March;3;2019
20190313;2019-03-13;March;3;2019
20190314;2019-03-14;March;3;2019
20190315;2019-03-15;March;3;2019
20190316;2019-03-16;March;3;2019
20190317;2019-03-17;March;3;2019
20190318;2019-03-18;March;3;2019
20190319;2019-03-19;March;3;2019
20190320;2019-03-20;March;3;2019
20190321;2019-03-21;March;3;2019
20190322;2019-03-22;March;3;2019
20190323;2019-03-23;March;3;2019
20190324;2019-03-24;March;3;2019
20190325;2019-03-25;March;3;2019
20190326;2019-03-26;March;3;2019
20190327;2019-03-27;March;3;2019
20190328;2019-03-28;March;3;2019
20190329;2019-03-29;March;3;2019
20190330;2019-03-30;March;3;2019
20190331;2019-03-31;March;3;2019
20190401;2019-04-01;April;4;2019
20190402;2019-04-02;April;4;2019
20190403;2019-04-03;April;4;2019
20190404;2019-04-04;April;4;2019
20190405;2019-04-05;April;4;2019
20190406;2019-04-06;April;4;2019
20190407;2019-04-07;April;4;2019
20190408;2019-04-08;April;4;2019
20190409;2019-04-09;April;4;2019
20190410;2019-04-10;April;4;2019
20190411;2019-04-11;April;4;2019
20190412;2019-04-12;April;4;2019
20190413;2019-04-13;April;4;2019
20190414;2019-04-14;April;4;2019
20190415;2019-04-15;April;4;2019
20190416;2019-04-16;April;4;2019
20190417;2019-04-17;April;4;2019
20190418;2019-04-18;April;4;2019
20190419;2019-04-19;April;4;2019
20190420;2019-04-20;April;4;2019
20190421;2019-04-21;April;4;2019
20190422;2019-04-22;April;4;2019
20190423;2019-04-23;April;4;2019
20190424;2019-04-24;April;4;2019
20190425;2019-04-25;April;4;2019
20190426;2019-04-26;April;4;2019
20190427;2019-04-27;April;4;2019
20190428;2019-04-28;April;4;2019
20190429;2019-04-29;April;4;2019
20190430;2019-04-30;April;4;2019
20190501;2019-05-01;May;5;2019
20190502;2019-05-02;May;5;2019
20190503;2019-05-03;May;5;2019
20190504;2019-05-04;May;5;2019
20190505;2019-05-05;May;5;2019
20190506;2019-05-06;May;5;2019
20190507;2019-05-07;May;5;2019
20190508;2019-05-08;May;5;2019
20190509;2019-05-09;May;5;2019
20190510;2019-05-10;May;5;2019
20190511;2019-05-11;May;5;2019
20190512;2019-05-12;May;5;2019
20190513;2019-05-13;May;5;2019
20190514;2019-05-14;May;5;2019
20190515;2019-05-15;May;5;2019
20190516;2019-05-16;May;5;2019
20190517;2019-05-17;May;5;2019
20190518;2019-05-18;May;5;2019
20190519;2019-05-19;May;5;2019
20190520;2019-05-20;May;5;2019
20190521;2019-05-21;May;5;2019
20190522;2019-05-22;May;5;2019
20190523;2019-05-23;May;5;2019
20190524;2019-05-24;May;5;2019
20190525;2019-05-25;May;5;2019
20190526;2019-05-26;May;5;2019
20190527;2019-05-27;May;5;2019
20190528;2019-05-28;May;5;2019
20190529;2019-05-29;May;5;2019
20190530;2019-05-30;May;5;2019
20190531;2019-05-31;May;5;2019
20190601;2019-06-01;June;6;2019
20190602;2019-06-02;June;6;2019
20190603;2019-06-03;June;6;2019
20190604;2019-06-04;June;6;2019
20190605;2019-06-05;June;6;2019
20190606;2019-06-06;June;6;2019
20190607;2019-06-07;June;6;2019
20190608;2019-06-08;June;6;2019
20190609;2019-06-09;June;6;2019
20190610;2019-06-10;June;6;2019
20190611;2019-06-11;June;6;2019
20190612;2019-06-12;June;6;2019
20190613;2019-06-13;June;6;2019
20190614;2019-06-14;June;6;2019
20190615;2019-06-15;June;6;2019
20190616;2019-06-16;June;6;2019
20190617;2019-06-17;June;6;2019
20190618;2019-06-18;June;6;2019
20190619;2019-06-19;June;6;2019
20190620;2019-06-20;June;6;2019
20190621;2019-06-21;June;6;2019
20190622;2019-06-22;June;6;2019
20190623;2019-06-23;June;6;2019
20190624;2019-06-24;June;6;2019
20190625;2019-06-25;June;6;2019
20190626;2019-06-26;June;6;2019
20190627;2019-06-27;June;6;2019
20190628;2019-06-28;June;6;2019
20190629;2019-06-29;June;6;2019
20190630;2019-06-30;June;6;2019
20190701;2019-07-01;July;7;2019
20190702;2019-07-02;July;7;2019
20190703;2019-07-03;July;7;2019
20190704;2019-07-04;July;7;2019
20190705;2019-07-05;July;7;2019
20190706;2019-07-06;July;7;2019
20190707;2019-07-07;July;7;2019
20190708;2019-07-08;July;7;2019
20190709;2019-07-09;July;7;2019
20190710;2019-07-10;July;7;2019
20190711;2019-07-11;July;7;2019
20190712;2019-07-12;July;7;2019
20190713;2019-07-13;July;7;2019
20190714;2019-07-14;July;7;2019
20190715;2019-07-15;July;7;2019
20190716;2019-07-16;July;7;2019
20190717;2019-07-17;July;7;2019
20190718;2019-07-18;July;7;2019
20190719;2019-07-19;July;7;2019
20190720;2019-07-20;July;7;2019
20190721;2019-07-21;July;7;2019
20190722;2019-07-22;July;7;2019
20190723;2019-07-23;July;7;2019
20190724;2019-07-24;July;7;2019
20190725;2019-07-25;July;7;2019
20190726;2019-07-26;July;7;2019
20190727;2019-07-27;July;7;2019
20190728;2019-07-28;July;7;2019
20190729;2019-07-29;July;7;2019
20190730;2019-07-30;July;7;2019
20190731;2019-07-31;July;7;2019
20190801;2019-08-01;August;8;2019
20190802;2019-08-02;August;8;2019
20190803;2019-08-03;August;8;2019
20190804;2019-08-04;August;8;2019
20190805;2019-08-05;August;8;2019
20190806;2019-08-06;August;8;2019
20190807;2019-08-07;August;8;2019
20190808;2019-08-08;August;8;2019
20190809;2019-08-09;August;8;2019
20190810;2019-08-10;August;8;2019
20190811;2019-08-11;August;8;2019
20190812;2019-08-12;August;8;2019
20190813;2019-08-13;August;8;2019
20190814;2019-08-14;August;8;2019
20190815;2019-08-15;August;8;2019
20190816;2019-08-16;August;8;2019
20190817;2019-08-17;August;8;2019
20190818;2019-08-18;August;8;2019
20190819;2019-08-19;August;8;2019
20190820;2019-08-20;August;8;2019
20190821;2019-08-21;August;8;2019
20190822;2019-08-22;August;8;2019
20190823;2019-08-23;August;8;2019
20190824;2019-08-24;August;8;2019
20190825;2019-08-25;August;8;2019
20190826;2019-08-26;August;8;2019
20190827;2019-08-27;August;8;2019
20190828;2019-08-28;August;8;2019
20190829;2019-08-29;August;8;2019
20190830;2019-08-30;August;8;2019
20190831;2019-08-31;August;8;2019
20190901;2019-09-01;September;9;2019
20190902;2019-09-02;September;9;2019
20190903;2019-09-03;September;9;2019
20190904;2019-09-04;September;9;2019
20190905;2019-09-05;September;9;2019
20190906;2019-09-06;September;9;2019
20190907;2019-09-07;September;9;2019
20190908;2019-09-08;September;9;2019
20190909;2019-09-09;September;9;2019
20190910;2019-09-10;September;9;2019
20190911;2019-09-11;September;9;2019
20190912;2019-09-12;September;9;2019
20190913;2019-09-13;September;9;2019
20190914;2019-09-14;September;9;2019
20190915;2019-09-15;September;9;2019
20190916;2019-09-16;September;9;2019
20190917;2019-09-17;September;9;2019
20190918;2019-09-18;September;9;2019
20190919;2019-09-19;September;9;2019
20190920;2019-09-20;September;9;2019
20190921;2019-09-21;September;9;2019
20190922;2019-09-22;September;9;2019
20190923;2019-09-23;September;9;2019
20190924;2019-09-24;September;9;2019
20190925;2019-09-25;September;9;2019
20190926;2019-09-26;September;9;2019
20190927;2019-09-27;September;9;2019
20190928;2019-09-28;September;9;2019
20190929;2019-09-29;September;9;2019
20190930;2019-09-30;September;9;2019
20191001;2019-10-01;October;10;2019
20191002;2019-10-02;October;10;2019
20191003;2019-10-03;October;10;2019
20191004;2019-10-04;October;10;2019
20191005;2019-10-05;October;10;2019
20191006;2019-10-06;October;10;2019
20191007;2019-10-07;October;10;2019
20191008;2019-10-08;October;10;2019
20191009;2019-10-09;October;10;2019
20191010;2019-10-10;October;10;2019
20191011;2019-10-11;October;10;2019
20191012;2019-10-12;October;10;2019
20191013;2019-10-13;October;10;2019
20191014;2019-10-14;October;10;2019
20191015;2019-10-15;October;10;2019
20191016;2019-10-16;October;10;2019
20191017;2019-10-17;October;10;2019
20191018;2019-10-18;October;10;2019
20191019;2019-10-19;October;10;2019
20191020;2019-10-20;October;10;2019
20191021;2019-10-21;October;10;2019
20191022;2019-10-22;October;10;2019
20191023;2019-10-23;October;10;2019
20191024;2019-10-24;October;10;2019
20191025;2019-10-25;October;10;2019
20191026;2019-10-26;October;10;2019
20191027;2019-10-27;October;10;2019
20191028;2019-10-28;October;10;2019
20191029;2019-10-29;October;10;2019
20191030;2019-10-30;October;10;2019
20191031;2019-10-31;October;10;2019
20191101;2019-11-01;November;11;2019
20191102;2019-11-02;November;11;2019
20191103;2019-11-03;November;11;2019
20191104;2019-11-04;November;11;2019
20191105;2019-11-05;November;11;2019
20191106;2019-11-06;November;11;2019
20191107;2019-11-07;November;11;2019
20191108;2019-11-08;November;11;2019
20191109;2019-11-09;November;11;2019
20191110;2019-11-10;November;11;2019
20191111;2019-11-11;November;11;2019
20191112;2019-11-12;November;11;2019
20191113;2019-11-13;November;11;2019
20191114;2019-11-14;November;11;2019
20191115;2019-11-15;November;11;2019
20191116;2019-11-16;November;11;2019
20191117;2019-11-17;November;11;2019
20191118;2019-11-18;November;11;2019
20191119;2019-11-19;November;11;2019
20191120;2019-11-20;November;11;2019
20191121;2019-11-21;November;11;2019
20191122;2019-11-22;November;11;2019
20191123;2019-11-23;November;11;2019
20191124;2019-11-24;November;11;2019
20191125;2019-11-25;November;11;2019
20191126;2019-11-26;November;11;2019
20191127;2019-11-27;November;11;2019
20191128;2019-11-28;November;11;2019
20191129;2019-11-29;November;11;2019
20191130;2019-11-30;November;11;2019
20191201;2019-12-01;December;12;2019
20191202;2019-12-02;December;12;2019
20191203;2019-12-03;December;12;2019
20191204;2019-12-04;December;12;2019
20191205;2019-12-05;December;12;2019
20191206;2019-12-06;December;12;2019
20191207;2019-12-07;December;12;2019
20191208;2019-12-08;December;12;2019
20191209;2019-12-09;December;12;2019
20191210;2019-12-10;December;12;2019
20191211;2019-12-11;December;12;2019
20191212;2019-12-12;December;12;2019
20191213;2019-12-13;December;12;2019
20191214;2019-12-14;December;12;2019
20191215;2019-12-15;December;12;2019
20191216;2019-12-16;December;12;2019
20191217;2019-12-17;December;12;2019
20191218;2019-12-18;December;12;2019
20191219;2019-12-19;December;12;2019
20191220;2019-12-20;December;12;2019
20191221;2019-12-21;December;12;2019
20191222;2019-12-22;December;12;2019
20191223;2019-12-23;December;12;2019
20191224;2019-12-24;December;12;2019
20191225;2019-12-25;December;12;2019
20191226;2019-12-26;December;12;2019
20191227;2019-12-27;December;12;2019
20191228;2019-12-28;December;12;2019
20191229;2019-12-29;December;12;2019
20191230;2019-12-30;December;12;2019
20191231;2019-12-31;December;12;2019
20200101;2020-01-01;January;1;2020
20200102;2020-01-02;January;1;2020
20200103;2020-01-03;January;1;2020
20200104;2020-01-04;January;1;2020
20200105;2020-01-05;January;1;2020
20200106;2020-01-06;January;1;2020
20200107;2020-01-07;January;1;2020
20200108;2020-01-08;January;1;2020
20200109;2020-01-09;January;1;2020
20200110;2020-01-10;January;1;2020
20200111;2020-01-11;January;1;2020
20200112;2020-01-12;January;1;2020
20200113;2020-01-13;January;1;2020
20200114;2020-01-14;January;1;2020
20200115;2020-01-15;January;1;2020
20200116;2020-01-16;January;1;2020
20200117;2020-01-17;January;1;2020
20200118;2020-01-18;January;1;2020
20200119;2020-01-19;January;1;2020
20200120;2020-01-20;January;1;2020
20200121;2020-01-21;January;1;2020
20200122;2020-01-22;January;1;2020
20200123;2020-01-23;January;1;2020
20200124;2020-01-24;January;1;2020
20200125;2020-01-25;January;1;2020
20200126;2020-01-26;January;1;2020
20200127;2020-01-27;January;1;2020
20200128;2020-01-28;January;1;2020
20200129;2020-01-29;January;1;2020
20200130;2020-01-30;January;1;2020
20200131;2020-01-31;January;1;2020
20200201;2020-02-01;February;2;2020
20200202;2020-02-02;February;2;2020
20200203;2020-02-03;February;2;2020
20200204;2020-02-04;February;2;2020
20200205;2020-02-05;February;2;2020
20200206;2020-02-06;February;2;2020
20200207;2020-02-07;February;2;2020
20200208;2020-02-08;February;2;2020
20200209;2020-02-09;February;2;2020
20200210;2020-02-10;February;2;2020
20200211;2020-02-11;February;2;2020
20200212;2020-02-12;February;2;2020
20200213;2020-02-13;February;2;2020
20200214;2020-02-14;February;2;2020
20200215;2020-02-15;February;2;2020
20200216;2020-02-16;February;2;2020
20200217;2020-02-17;February;2;2020
20200218;2020-02-18;February;2;2020
20200219;2020-02-19;February;2;2020
20200220;2020-02-20;February;2;2020
20200221;2020-02-21;February;2;2020
20200222;2020-02-22;February;2;2020
20200223;2020-02-23;February;2;2020
20200224;2020-02-24;February;2;2020
20200225;2020-02-25;February;2;2020
20200226;2020-02-26;February;2;2020
20200227;2020-02-27;February;2;2020
20200228;2020-02-28;February;2;2020
20200229;2020-02-29;February;2;2020
20200301;2020-03-01;March;3;2020
20200302;2020-03-02;March;3;2020
20200303;2020-03-03;March;3;2020
20200304;2020-03-04;March;3;2020
20200305;2020-03-05;March;3;2020
20200306;2020-03-06;March;3;2020
20200307;2020-03-07;March;3;2020
20200308;2020-03-08;March;3;2020
20200309;2020-03-09;March;3;2020
20200310;2020-03-10;March;3;2020
20200311;2020-03-11;March;3;2020
20200312;2020-03-12;March;3;2020
20200313;2020-03-13;March;3;2020
20200314;2020-03-14;March;3;2020
20200315;2020-03-15;March;3;2020
20200316;2020-03-16;March;3;2020
20200317;2020-03-17;March;3;2020
20200318;2020-03-18;March;3;2020
20200319;2020-03-19;March;3;2020
20200320;2020-03-20;March;3;2020
20200321;2020-03-21;March;3;2020
20200322;2020-03-22;March;3;2020
20200323;2020-03-23;March;3;2020
20200324;2020-03-24;March;3;2020
20200325;2020-03-25;March;3;2020
20200326;2020-03-26;March;3;2020
20200327;2020-03-27;March;3;2020
20200328;2020-03-28;March;3;2020
20200329;2020-03-29;March;3;2020
20200330;2020-03-30;March;3;2020
20200331;2020-03-31;March;3;2020
20200401;2020-04-01;April;4;2020
20200402;2020-04-02;April;4;2020
20200403;2020-04-03;April;4;2020
20200404;2020-04-04;April;4;2020
20200405;2020-04-05;April;4;2020
20200406;2020-04-06;April;4;2020
20200407;2020-04-07;April;4;2020
20200408;2020-04-08;April;4;2020
20200409;2020-04-09;April;4;2020
20200410;2020-04-10;April;4;2020
20200411;2020-04-11;April;4;2020
20200412;2020-04-12;April;4;2020
20200413;2020-04-13;April;4;2020
20200414;2020-04-14;April;4;2020
20200415;2020-04-15;April;4;2020
20200416;2020-04-16;April;4;2020
20200417;2020-04-17;April;4;2020
20200418;2020-04-18;April;4;2020
20200419;2020-04-19;April;4;2020
20200420;2020-04-20;April;4;2020
20200421;2020-04-21;April;4;2020
20200422;2020-04-22;April;4;2020
20200423;2020-04-23;April;4;2020
20200424;2020-04-24;April;4;2020
20200425;2020-04-25;April;4;2020
20200426;2020-04-26;April;4;2020
20200427;2020-04-27;April;4;2020
20200428;2020-04-28;April;4;2020
20200429;2020-04-29;April;4;2020
20200430;2020-04-30;April;4;2020
20200501;2020-05-01;May;5;2020
20200502;2020-05-02;May;5;2020
20200503;2020-05-03;May;5;2020
20200504;2020-05-04;May;5;2020
20200505;2020-05-05;May;5;2020
20200506;2020-05-06;May;5;2020
20200507;2020-05-07;May;5;2020
20200508;2020-05-08;May;5;2020
20200509;2020-05-09;May;5;2020
20200510;2020-05-10;May;5;2020
20200511;2020-05-11;May;5;2020
20200512;2020-05-12;May;5;2020
20200513;2020-05-13;May;5;2020
20200514;2020-05-14;May;5;2020
20200515;2020-05-15;May;5;2020
20200516;2020-05-16;May;5;2020
20200517;2020-05-17;May;5;2020
20200518;2020-05-18;May;5;2020
20200519;2020-05-19;May;5;2020
20200520;2020-05-20;May;5;2020
20200521;2020-05-21;May;5;2020
20200522;2020-05-22;May;5;2020
20200523;2020-05-23;May;5;2020
20200524;2020-05-24;May;5;2020
20200525;2020-05-25;May;5;2020
20200526;2020-05-26;May;5;2020
20200527;2020-05-27;May;5;2020
20200528;2020-05-28;May;5;2020
20200529;2020-05-29;May;5;2020
20200530;2020-05-30;May;5;2020
20200531;2020-05-31;May;5;2020
20200601;2020-06-01;June;6;2020
20200602;2020-06-02;June;6;2020
20200603;2020-06-03;June;6;2020
20200604;2020-06-04;June;6;2020
20200605;2020-06-05;June;6;2020
20200606;2020-06-06;June;6;2020
20200607;2020-06-07;June;6;2020
20200608;2020-06-08;June;6;2020
20200609;2020-06-09;June;6;2020
20200610;2020-06-10;June;6;2020
20200611;2020-06-11;June;6;2020
20200612;2020-06-12;June;6;2020
20200613;2020-06-13;June;6;2020
20200614;2020-06-14;June;6;2020
20200615;2020-06-15;June;6;2020
20200616;2020-06-16;June;6;2020
20200617;2020-06-17;June;6;2020
20200618;2020-06-18;June;6;2020
20200619;2020-06-19;June;6;2020
20200620;2020-06-20;June;6;2020
20200621;2020-06-21;June;6;2020
20200622;2020-06-22;June;6;2020
20200623;2020-06-23;June;6;2020
20200624;2020-06-24;June;6;2020
20200625;2020-06-25;June;6;2020
20200626;2020-06-26;June;6;2020
20200627;2020-06-27;June;6;2020
20200628;2020-06-28;June;6;2020
20200629;2020-06-29;June;6;2020
20200630;2020-06-30;June;6;2020
20200701;2020-07-01;July;7;2020
20200702;2020-07-02;July;7;2020
20200703;2020-07-03;July;7;2020
20200704;2020-07-04;July;7;2020
20200705;2020-07-05;July;7;2020
20200706;2020-07-06;July;7;2020
20200707;2020-07-07;July;7;2020
20200708;2020-07-08;July;7;2020
20200709;2020-07-09;July;7;2020
20200710;2020-07-10;July;7;2020
20200711;2020-07-11;July;7;2020
20200712;2020-07-12;July;7;2020
20200713;2020-07-13;July;7;2020
20200714;2020-07-14;July;7;2020
20200715;2020-07-15;July;7;2020
20200716;2020-07-16;July;7;2020
20200717;2020-07-17;July;7;2020
20200718;2020-07-18;July;7;2020
20200719;2020-07-19;July;7;2020
20200720;2020-07-20;July;7;2020
20200721;2020-07-21;July;7;2020
20200722;2020-07-22;July;7;2020
20200723;2020-07-23;July;7;2020
20200724;2020-07-24;July;7;2020
20200725;2020-07-25;July;7;2020
20200726;2020-07-26;July;7;2020
20200727;2020-07-27;July;7;2020
20200728;2020-07-28;July;7;2020
20200729;2020-07-29;July;7;2020
20200730;2020-07-30;July;7;2020
20200731;2020-07-31;July;7;2020
20200801;2020-08-01;August;8;2020
20200802;2020-08-02;August;8;2020
20200803;2020-08-03;August;8;2020
20200804;2020-08-04;August;8;2020
20200805;2020-08-05;August;8;2020
20200806;2020-08-06;August;8;2020
20200807;2020-08-07;August;8;2020
20200808;2020-08-08;August;8;2020
20200809;2020-08-09;August;8;2020
20200810;2020-08-10;August;8;2020
20200811;2020-08-11;August;8;2020
20200812;2020-08-12;August;8;2020
20200813;2020-08-13;August;8;2020
20200814;2020-08-14;August;8;2020
20200815;2020-08-15;August;8;2020
20200816;2020-08-16;August;8;2020
20200817;2020-08-17;August;8;2020
20200818;2020-08-18;August;8;2020
20200819;2020-08-19;August;8;2020
20200820;2020-08-20;August;8;2020
20200821;2020-08-21;August;8;2020
20200822;2020-08-22;August;8;2020
20200823;2020-08-23;August;8;2020
20200824;2020-08-24;August;8;2020
20200825;2020-08-25;August;8;2020
20200826;2020-08-26;August;8;2020
20200827;2020-08-27;August;8;2020
20200828;2020-08-28;August;8;2020
20200829;2020-08-29;August;8;2020
20200830;2020-08-30;August;8;2020
20200831;2020-08-31;August;8;2020
20200901;2020-09-01;September;9;2020
20200902;2020-09-02;September;9;2020
20200903;2020-09-03;September;9;2020
20200904;2020-09-04;September;9;2020
20200905;2020-09-05;September;9;2020
20200906;2020-09-06;September;9;2020
20200907;2020-09-07;September;9;2020
20200908;2020-09-08;September;9;2020
20200909;2020-09-09;September;9;2020
20200910;2020-09-10;September;9;2020
20200911;2020-09-11;September;9;2020
20200912;2020-09-12;September;9;2020
20200913;2020-09-13;September;9;2020
20200914;2020-09-14;September;9;2020
20200915;2020-09-15;September;9;2020
20200916;2020-09-16;September;9;2020
20200917;2020-09-17;September;9;2020
20200918;2020-09-18;September;9;2020
20200919;2020-09-19;September;9;2020
20200920;2020-09-20;September;9;2020
20200921;2020-09-21;September;9;2020
20200922;2020-09-22;September;9;2020
20200923;2020-09-23;September;9;2020
20200924;2020-09-24;September;9;2020
20200925;2020-09-25;September;9;2020
20200926;2020-09-26;September;9;2020
20200927;2020-09-27;September;9;2020
20200928;2020-09-28;September;9;2020
20200929;2020-09-29;September;9;2020
20200930;2020-09-30;September;9;2020
20201001;2020-10-01;October;10;2020
20201002;2020-10-02;October;10;2020
20201003;2020-10-03;October;10;2020
20201004;2020-10-04;October;10;2020
20201005;2020-10-05;October;10;2020
20201006;2020-10-06;October;10;2020
20201007;2020-10-07;October;10;2020
20201008;2020-10-08;October;10;2020
20201009;2020-10-09;October;10;2020
20201010;2020-10-10;October;10;2020
20201011;2020-10-11;October;10;2020
20201012;2020-10-12;October;10;2020
20201013;2020-10-13;October;10;2020
20201014;2020-10-14;October;10;2020
20201015;2020-10-15;October;10;2020
20201016;2020-10-16;October;10;2020
20201017;2020-10-17;October;10;2020
20201018;2020-10-18;October;10;2020
20201019;2020-10-19;October;10;2020
20201020;2020-10-20;October;10;2020
20201021;2020-10-21;October;10;2020
20201022;2020-10-22;October;10;2020
20201023;2020-10-23;October;10;2020
20201024;2020-10-24;October;10;2020
20201025;2020-10-25;October;10;2020
20201026;2020-10-26;October;10;2020
20201027;2020-10-27;October;10;2020
20201028;2020-10-28;October;10;2020
20201029;2020-10-29;October;10;2020
20201030;2020-10-30;October;10;2020
20201031;2020-10-31;October;10;2020
20201101;2020-11-01;November;11;2020
20201102;2020-11-02;November;11;2020
20201103;2020-11-03;November;11;2020
20201104;2020-11-04;November;11;2020
20201105;2020-11-05;November;11;2020
20201106;2020-11-06;November;11;2020
20201107;2020-11-07;November;11;2020
20201108;2020-11-08;November;11;2020
20201109;2020-11-09;November;11;2020
20201110;2020-11-10;November;11;2020
20201111;2020-11-11;November;11;2020
20201112;2020-11-12;November;11;2020
20201113;2020-11-13;November;11;2020
20201114;2020-11-14;November;11;2020
20201115;2020-11-15;November;11;2020
20201116;2020-11-16;November;11;2020
20201117;2020-11-17;November;11;2020
20201118;2020-11-18;November;11;2020
20201119;2020-11-19;November;11;2020
20201120;2020-11-20;November;11;2020
20201121;2020-11-21;November;11;2020
20201122;2020-11-22;November;11;2020
20201123;2020-11-23;November;11;2020
20201124;2020-11-24;November;11;2020
20201125;2020-11-25;November;11;2020
20201126;2020-11-26;November;11;2020
20201127;2020-11-27;November;11;2020
20201128;2020-11-28;November;11;2020
20201129;2020-11-29;November;11;2020
20201130;2020-11-30;November;11;2020
20201201;2020-12-01;December;12;2020
20201202;2020-12-02;December;12;2020
20201203;2020-12-03;December;12;2020
20201204;2020-12-04;December;12;2020
20201205;2020-12-05;December;12;2020
20201206;2020-12-06;December;12;2020
20201207;2020-12-07;December;12;2020
20201208;2020-12-08;December;12;2020
20201209;2020-12-09;December;12;2020
20201210;2020-12-10;December;12;2020
20201211;2020-12-11;December;12;2020
20201212;2020-12-12;December;12;2020
20201213;2020-12-13;December;12;2020
20201214;2020-12-14;December;12;2020
20201215;2020-12-15;December;12;2020
20201216;2020-12-16;December;12;2020
20201217;2020-12-17;December;12;2020
20201218;2020-12-18;December;12;2020
20201219;2020-12-19;December;12;2020
20201220;2020-12-20;December;12;2020
20201221;2020-12-21;December;12;2020
20201222;2020-12-22;December;12;2020
20201223;2020-12-23;December;12;2020
20201224;2020-12-24;December;12;2020
20201225;2020-12-25;December;12;2020
20201226;2020-12-26;December;12;2020
20201227;2020-12-27;December;12;2020
20201228;2020-12-28;December;12;2020
20201229;2020-12-29;December;12;2020
20201230;2020-12-30;December;12;2020
20201231;2020-12-31;December;12;2020
